"Statistic","Year","Sex","Age 85","Age 86","Age 87","Age 88","Age 89","Age 90","Age 91","Age 92","Age 93","Age 94","Age 95","Age 96","Age 97","Age 98","Age 99","Age 100","Age 101","Age 102","Age 103","Age 104","Age 105+"
"Mid-year population estimate",2001,"Females",2815,2663,2277,1995,1695,1362,1098,856,705,520,376,254,164,103,76,52,24,30,8,3,9
"Mid-year population estimate",2001,"Males",1304,1127,948,794,598,442,345,266,199,143,85,61,27,16,9,6,3,1,1,0,0
"Mid-year population estimate",2001,"All persons",4119,3790,3225,2789,2293,1804,1443,1122,904,663,461,315,191,119,85,58,27,31,9,3,9
"Mid-year population estimate",2002,"Females",2673,2559,2364,2013,1746,1439,1138,904,687,555,392,267,172,125,73,44,31,18,17,4,6
"Mid-year population estimate",2002,"Males",1266,1131,957,806,645,483,353,251,219,156,107,53,41,17,10,1,1,2,0,1,0
"Mid-year population estimate",2002,"All persons",3939,3690,3321,2819,2391,1922,1491,1155,906,711,499,320,213,142,83,45,32,20,17,5,6
"Mid-year population estimate",2003,"Females",2667,2380,2277,2050,1734,1485,1206,937,743,536,419,284,188,117,92,49,30,20,9,7,5
"Mid-year population estimate",2003,"Males",1328,1079,953,808,649,534,378,267,181,157,102,76,26,28,7,6,0,1,1,0,0
"Mid-year population estimate",2003,"All persons",3995,3459,3230,2858,2383,2019,1584,1204,924,693,521,360,214,145,99,55,30,21,10,7,5
"Mid-year population estimate",2004,"Females",2943,2432,2122,1996,1795,1464,1238,970,734,565,410,298,207,118,77,59,26,16,12,8,7
"Mid-year population estimate",2004,"Males",1518,1132,920,784,658,539,435,273,205,138,113,71,51,13,20,7,1,0,1,0,0
"Mid-year population estimate",2004,"All persons",4461,3564,3042,2780,2453,2003,1673,1243,939,703,523,369,258,131,97,66,27,16,13,8,7
"Mid-year population estimate",2005,"Females",3409,2646,2189,1882,1746,1563,1251,1006,780,587,435,312,213,135,83,51,35,13,11,4,10
"Mid-year population estimate",2005,"Males",1809,1317,972,776,646,549,432,348,196,156,95,76,57,41,6,13,5,0,0,0,0
"Mid-year population estimate",2005,"All persons",5218,3963,3161,2658,2392,2112,1683,1354,976,743,530,388,270,176,89,64,40,13,11,4,10
"Mid-year population estimate",2006,"Females",3345,3066,2379,1954,1665,1508,1311,1038,796,612,459,329,234,152,85,57,31,21,6,8,9
"Mid-year population estimate",2006,"Males",1749,1577,1137,826,645,573,443,331,257,139,105,71,46,35,32,5,3,1,0,0,0
"Mid-year population estimate",2006,"All persons",5094,4643,3516,2780,2310,2081,1754,1369,1053,751,564,400,280,187,117,62,34,22,6,8,9
"Mid-year population estimate",2007,"Females",3423,3046,2749,2104,1699,1435,1261,1097,826,620,473,344,235,169,104,56,36,22,11,2,11
"Mid-year population estimate",2007,"Males",1684,1506,1354,968,675,517,439,339,246,193,99,78,50,25,21,24,3,1,1,0,0
"Mid-year population estimate",2007,"All persons",5107,4552,4103,3072,2374,1952,1700,1436,1072,813,572,422,285,194,125,80,39,23,12,2,11
"Mid-year population estimate",2008,"Females",3500,3121,2737,2394,1800,1470,1233,1039,868,655,495,359,247,155,112,71,39,24,13,8,5
"Mid-year population estimate",2008,"Males",1762,1479,1314,1114,807,583,425,356,247,170,127,66,58,27,16,15,16,2,0,1,0
"Mid-year population estimate",2008,"All persons",5262,4600,4051,3508,2607,2053,1658,1395,1115,825,622,425,305,182,128,86,55,26,13,9,5
"Mid-year population estimate",2009,"Females",3407,3144,2831,2451,2050,1524,1264,1022,829,704,513,397,264,169,103,72,43,28,12,6,5
"Mid-year population estimate",2009,"Males",1828,1550,1274,1123,904,639,469,327,267,188,112,88,37,39,17,14,8,8,1,0,1
"Mid-year population estimate",2009,"All persons",5235,4694,4105,3574,2954,2163,1733,1349,1096,892,625,485,301,208,120,86,51,36,13,6,6
"Mid-year population estimate",2010,"Females",3395,3133,2841,2529,2200,1817,1294,1057,834,634,542,391,298,195,118,68,45,27,17,8,5
"Mid-year population estimate",2010,"Males",1879,1616,1354,1086,944,807,515,360,253,209,139,82,60,24,25,9,9,6,4,0,1
"Mid-year population estimate",2010,"All persons",5274,4749,4195,3615,3144,2624,1809,1417,1087,843,681,473,358,219,143,77,54,33,21,8,6
"Mid-year population estimate",2011,"Females",3456,3105,2874,2549,2235,1834,1568,1077,874,672,496,415,277,220,126,89,43,35,15,8,5
"Mid-year population estimate",2011,"Males",1909,1688,1426,1163,930,776,643,397,280,177,153,102,63,38,15,14,8,5,3,2,0
"Mid-year population estimate",2011,"All persons",5365,4793,4300,3712,3165,2610,2211,1474,1154,849,649,517,340,258,141,103,51,40,18,10,5
"Mid-year population estimate",2012,"Females",3543,3156,2820,2566,2206,1898,1562,1316,891,709,552,370,298,199,147,81,63,31,19,9,6
"Mid-year population estimate",2012,"Males",2029,1677,1464,1227,985,796,638,520,306,216,142,113,70,40,26,10,5,2,4,0,1
"Mid-year population estimate",2012,"All persons",5572,4833,4284,3793,3191,2694,2200,1836,1197,925,694,483,368,239,173,91,68,33,23,9,7
"Mid-year population estimate",2013,"Females",3551,3248,2828,2495,2311,1963,1587,1240,1039,699,535,400,262,219,126,93,59,38,18,13,9
"Mid-year population estimate",2013,"Males",1993,1784,1453,1253,1042,857,636,488,397,223,147,112,77,39,28,14,4,4,1,1,0
"Mid-year population estimate",2013,"All persons",5544,5032,4281,3748,3353,2820,2223,1728,1436,922,682,512,339,258,154,107,63,42,19,14,9
"Mid-year population estimate",2014,"Females",3652,3234,2952,2577,2195,1959,1721,1352,1024,855,533,425,298,201,171,84,65,37,26,12,13
"Mid-year population estimate",2014,"Males",2104,1803,1567,1235,1047,875,716,511,388,324,176,95,79,42,30,16,9,2,1,0,1
"Mid-year population estimate",2014,"All persons",5756,5037,4519,3812,3242,2834,2437,1863,1412,1179,709,520,377,243,201,100,74,39,27,12,14
"Mid-year population estimate",2015,"Females",3696,3324,2916,2654,2254,1967,1685,1448,1115,811,646,416,298,208,147,112,52,35,22,12,14
"Mid-year population estimate",2015,"Males",2162,1903,1577,1371,1054,940,734,545,396,292,237,115,70,52,30,19,12,9,1,1,0
"Mid-year population estimate",2015,"All persons",5858,5227,4493,4025,3308,2907,2419,1993,1511,1103,883,531,368,260,177,131,64,44,23,13,14
"Mid-year population estimate",2016,"Females",3650,3390,3032,2626,2344,2020,1682,1378,1183,884,648,465,312,202,153,98,71,33,23,12,15
"Mid-year population estimate",2016,"Males",2353,1891,1683,1371,1185,945,736,573,415,291,223,162,83,41,34,15,11,4,6,1,0
"Mid-year population estimate",2016,"All persons",6003,5281,4715,3997,3529,2965,2418,1951,1598,1175,871,627,395,243,187,113,82,37,29,13,15
"Mid-year population estimate",2017,"Females",3784,3315,3031,2709,2324,2128,1733,1395,1096,918,661,484,313,214,137,98,64,46,18,16,14
"Mid-year population estimate",2017,"Males",2395,2089,1630,1451,1174,988,766,573,446,306,224,159,113,57,28,22,9,7,2,3,1
"Mid-year population estimate",2017,"All persons",6179,5404,4661,4160,3498,3116,2499,1968,1542,1224,885,643,426,271,165,120,73,53,20,19,15
"Mid-year population estimate",2018,"Females",3859,3450,2962,2683,2354,2105,1784,1413,1117,862,684,499,333,200,135,87,60,35,22,7,11
"Mid-year population estimate",2018,"Males",2481,2133,1835,1371,1233,974,794,616,441,346,219,159,101,76,29,14,9,7,5,1,2
"Mid-year population estimate",2018,"All persons",6340,5583,4797,4054,3587,3079,2578,2029,1558,1208,903,658,434,276,164,101,69,42,27,8,13
"Mid-year population estimate",2019,"Females",3722,3568,3153,2656,2355,2221,1797,1500,1150,870,676,500,378,226,133,90,49,39,28,9,7
"Mid-year population estimate",2019,"Males",2520,2255,1907,1600,1144,1047,793,620,487,342,257,160,119,59,48,18,8,6,3,3,1
"Mid-year population estimate",2019,"All persons",6242,5823,5060,4256,3499,3268,2590,2120,1637,1212,933,660,497,285,181,108,57,45,31,12,8
"Mid-year population estimate",2020,"Females",3941,3409,3251,2844,2280,2076,1874,1534,1228,903,667,523,341,277,137,85,53,28,22,13,7
"Mid-year population estimate",2020,"Males",2583,2242,1994,1647,1380,1049,809,594,465,342,241,177,97,64,39,29,8,5,0,0,1
"Mid-year population estimate",2020,"All persons",6524,5651,5245,4491,3660,3125,2683,2128,1693,1245,908,700,438,341,176,114,61,33,22,13,8
"Mid-year population estimate",2021,"Females",4028,3607,3070,2932,2518,2132,1729,1521,1224,960,673,504,383,241,190,93,52,32,17,13,13
"Mid-year population estimate",2021,"Males",2770,2298,1953,1743,1403,1108,866,641,463,357,255,158,122,62,44,24,18,2,3,0,0
"Mid-year population estimate",2021,"All persons",6798,5905,5023,4675,3921,3240,2595,2162,1687,1317,928,662,505,303,234,117,70,34,20,13,13
"Mid-year population estimate",2022,"Females",4128,3702,3282,2765,2570,2180,1817,1450,1222,956,725,484,357,264,160,111,57,34,15,15,14
"Mid-year population estimate",2022,"Males",2852,2466,2031,1703,1479,1120,914,700,473,347,253,172,98,84,36,22,13,10,1,1,0
"Mid-year population estimate",2022,"All persons",6980,6168,5313,4468,4049,3300,2731,2150,1695,1303,978,656,455,348,196,133,70,44,16,16,14
"Mid-year population estimate",2023,"Females",4053,3811,3326,2940,2430,2292,1834,1487,1134,944,728,534,340,243,177,105,69,37,14,5,15
"Mid-year population estimate",2023,"Males",2979,2556,2157,1761,1445,1240,915,720,534,346,246,178,112,65,53,22,15,6,4,0,0
"Mid-year population estimate",2023,"All persons",7032,6367,5483,4701,3875,3532,2749,2207,1668,1290,974,712,452,308,230,127,84,43,18,5,15
"Mid-year population estimate",2024,"Females",4180,3701,3460,2981,2619,2127,1936,1532,1205,907,746,533,390,248,164,107,62,42,20,7,14
"Mid-year population estimate",2024,"Males",2973,2656,2249,1878,1516,1213,996,736,548,407,253,168,123,73,41,31,13,6,2,1,0
"Mid-year population estimate",2024,"All persons",7153,6357,5709,4859,4135,3340,2932,2268,1753,1314,999,701,513,321,205,138,75,48,22,8,14
"Mid-year population estimate",2025,"Females",4085,3871,3357,3119,2644,2217,1836,1656,1276,999,722,572,401,284,178,105,67,37,24,10,12
"Mid-year population estimate",2025,"Males",2918,2632,2339,1978,1583,1252,1031,815,592,422,293,198,124,81,51,30,17,7,2,1,0
"Mid-year population estimate",2025,"All persons",7003,6503,5696,5097,4227,3469,2867,2471,1868,1421,1015,770,525,365,229,135,84,44,26,11,12
